IDCC;Operateur de competences;Libelle;obs
3;OPCO Mobilite;Convention collective nationale des ouvriers de la navigation interieure de marchandises;
16;OPCO Mobilite;Convention collective nationale des transports routiers et activites auxiliaires du transport;
18;OPCO 2i;Convention collective nationale des industries textiles;
29;OPCO Sante;Convention collective nationale des etablissements prives d'hospitalisation, de soins, de cure et de garde e but non lucratif (FEHAP, convention de 1951);
43;OPCO Commerce;Convention collective nationale des entreprises de commerce et de commission importation exportation;
44;OPCO 2i;Convention collective nationale des industries chimiques et connexes;
45;OPCO 2i;Convention collective nationale du caoutchouc;
83;OPCO 2i;Convention collective nationale des menuiseries charpentes et constructions industrialisees et des portes planes;
86;AFDAS;Convention collective nationale des entreprises de publicite et assimilees;
87;OPCO 2i;Convention collective nationale des ouvriers des industries de carrieres et de materiaux;
112;OCAPIAT;Convention collective nationale de l'industrie laitiere;
135;OPCO 2i;Convention collective nationale des employes techniciens et agents de maetrise des industries de carrieres et de materiaux;
158;OPCO entreprises et salaries des services e forte intensite de main-d'euvre;Convention collective nationale du travail mecanique du bois, des scieries, du negoce et de l'importation des bois;
176;OPCO 2i;Convention collective nationale de l'industrie pharmaceutique;
184;OPCO entreprises de proximite;Convention collective nationale de l'imprimerie de labeur et des industries graphiques;
200;OCAPIAT;Convention collective nationale des exploitations frigorifiques;
207;OPCO 2i;Convention collective nationale de l'industrie des cuirs et peaux;
211;OPCO 2i;Convention collective nationale des cadres des industries de carrieres et materiaux (UNICEM);
214;AFDAS;Convention collective des ouvriers des entreprises de presse de la region parisienne;
218;OPCO Cohesion sociale;Convention collective nationale des organismes de securite sociale;
240;OPCO entreprises de proximite;Convention collective nationale du personnel des greffes des tribunaux de commerce;
247;OPCO 2i;Convention collective nationale des industries de l'habillement;
275;OPCO entreprises et salaries des services e forte intensite de main-d'euvre;Convention collective nationale du personnel au sol des entreprises de transport aerien;
292;OPCO 2i;Convention collective nationale de la plasturgie (transformation des matieres plastiques);
303;OPCO 2i;Convention collective regionale de la couture parisienne;
306;AFDAS;Convention collective des cadres techniques de la presse quotidienne parisienne;
363;OPCO 2i;Convention collective nationale du personnel ingenieurs et cadres de l'industrie de la fabrication des ciments;
394;AFDAS;Convention collective des employes de la presse quotidienne parisienne;
405;OPCO Sante;Convention collective nationale des etablissements medico-sociaux de l'union intersyndicale des secteurs sanitaires et sociaux (UNISSS, FFESCPE, convention de 1965, enfants, adolescents);
412;OPCO Mobilite;Convention collective nationale de travail des guides accompagnateurs et accompagnateurs au service des agences de voyages et de tourisme;
413;OPCO Sante;Convention collective nationale de travail des etablissements et services pour personnes inadaptees et handicapees (convention de 1966, SNAPEI);
438;OPCO ATLAS;Convention collective nationale de travail des echelons intermediaires des services exterieurs de production des societes d'assurances;
454;OPCO entreprises de proximite;Convention collective nationale des remontees mecaniques et domaines skiables;
468;OPCO Commerce;Convention collective du commerce succursaliste de la chaussure;
478;OPCO ATLAS;Convention collective nationale des societes financieres;
489;OPCO 2i;Convention collective du personnel des industries du cartonnage;
493;OCAPIAT;Convention collective nationale des vins, cidres, jus de fruits, sirops, spiritueux et liqueurs de France;
500;OPCO Commerce;Convention collective nationale des commerces de gros de l'habillement, de la mercerie, de la chaussure et du jouet;
509;AFDAS;Convention collective des cadres administratifs de la presse quotidienne parisienne;
538;OPCO Mobilite;Convention collective nationale du personnel des entreprises de manutention ferroviaire et travaux connexes;
567;OPCO 2i;Convention collective nationale de la bijouterie, joaillerie, orfevrerie et des activites qui s'y rattachent;
573;OPCO entreprises et salaries des services e forte intensite de main-d'euvre;Convention collective nationale des commerces de gros;
598;AFDAS;Convention collective nationale de travail des ouvriers de la presse quotidienne regionale;
614;OPCO entreprises de proximite;Convention collective nationale des industries de la serigraphie et des procedes d'impression numerique connexes;
635;OPCO entreprises et salaries des services e forte intensite de main-d'euvre;Convention collective nationale du negoce en fournitures dentaires;
637;OPCO 2i;Convention collective des industries et du commerce de la recuperation (recyclage, regions Nord-Pas-de-Calais, Picardie);
653;OPCO ATLAS;Convention collective de travail des producteurs salaries de base des services exterieurs de production des societes d'assurances;
669;OPCO 2i;Convention collective nationale des industries de fabrication mecanique du verre;
675;OPCO Commerce;Convention collective nationale des maisons e succursales de vente au detail d'habillement;
693;AFDAS;Convention collective de travail des employes de la presse quotidienne departementale;
698;AFDAS;Convention collective de travail des employes de la presse quotidienne regionale;
700;OPCO 2i;Convention collective nationale des ingenieurs et cadres de la production des papiers, cartons et celluloses;
706;OPCO Commerce;Convention collective nationale du personnel de la reprographie;
707;OPCO 2i;Convention collective nationale des ingenieurs et cadres de la transformation des papiers cartons et de la pellicule cellulosique;
715;OPCO 2i;Convention collective nationale des instruments e ecrire et des industries connexes;
716;AFDAS;Convention collective nationale des employes et ouvriers de la distribution cinematographique;
731;OPCO entreprises et salaries des services e forte intensite de main-d'euvre;Convention collective nationale des commerces de quincaillerie, fournitures industrielles, fers, metaux et equipement de la maison, cadres;
733;OPCO entreprises de proximite;Convention collective nationale des detaillants en chaussure;
759;OPCO entreprises de proximite;Convention collective nationale des pompes funebres;
779;OPCO Mobilite;Convention collective de travail du personnel des voies ferrees d'interet local;
781;AFDAS;Convention collective des cadres administratifs de la presse quotidienne departementale;
783;OPCO Sante;Convention collective des centres d'hebergement et de readaptation sociale et dans les services d'accueil, d'orientation et d'insertion pour adultes (CHRS, SOP);
787;OPCO ATLAS;Convention collective nationale des cabinets d'experts-comptables et de commissaires aux comptes;
802;OPCO 2i;Convention collective nationale de la distribution de papiers-cartons commerces de gros pour les ouvriers, employes, techniciens et agents de maetrise;
832;OPCO 2i;Convention collective nationale du personnel ouvrier de l'industrie de la fabrication des ciments;
833;OPCO 2i;Convention collective nationale du personnel employes, techniciens, dessinateurs et agents de maetrise de l'industrie de la fabrication des ciments;
843;OPCO entreprises de proximite;Convention collective nationale de la boulangerie-petisserie -entreprises artisanales-;
892;AFDAS;Convention collective nationale des cadres et agents de maetrise de la distribution de films de l'industrie cinematographique;
897;OPCO Sante;Convention collective nationale des services de sante au travail interentreprises;
915;OPCO entreprises de proximite;Convention collective nationale des societes d'expertises et d'evaluations;
925;OPCO 2i;Convention collective nationale des ingenieurs et cadres de la distribution des papiers et cartons, commerce de gros;
953;OPCO entreprises de proximite;Convention collective nationale de la charcuterie de detail;
959;OPCO entreprises de proximite;Convention collective nationale des laboratoires de biologie medicale extra-hospitaliers;
992;OPCO entreprises de proximite;Convention collective nationale de la boucherie, boucherie-charcuterie et boucherie hippophagique, triperie, commerce de volailles et gibiers;
993;OPCO entreprises de proximite;Convention collective nationale des prothesistes dentaires et des personnels des laboratoires de prothese dentaire;
998;OPCO 2i;Convention collective nationale des ouvriers, employes, techniciens et agents de maetrise de l'exploitation d'equipements thermiques et de genie climatique;
1000;OPCO entreprises de proximite;Convention collective nationale du personnel des cabinets d'avocats;
1001;OPCO Sante;Convention collective nationale des medecins specialistes qualifies au regard du conseil de l'ordre travaillant dans des etablissements et services pour personnes inadaptees et handicapees;
1016;AFDAS;Convention collective des cadres et agents de maetrise de l'edition de musique;
1018;AFDAS;Convention collective des cadres techniques de la presse quotidienne departementale franeaise;
1031;OPCO Cohesion sociale;Convention collective nationale de la federation nationale des associations familiales rurales (FNAFR);
1043;OPCO entreprises de proximite;Convention collective nationale des gardiens, concierges et employes d'immeubles;
1044;OPCO 2i;Convention collective nationale de l'horlogerie;
1077;OCAPIAT;Convention collective nationale entreprises du negoce et de l'industrie des produits du sol, engrais et produits connexes;
1083;AFDAS;Convention collective de travail des ouvriers de la presse quotidienne departementale;
1090;OPCO Mobilite;Convention collective nationale des services de l'automobile (commerce et reparation de l'automobile, du cycle et du motocycle, activites connexes, contrele technique automobile, formation des conducteurs auto-ecoles CNPA);
1147;OPCO entreprises de proximite;Convention collective du personnel des cabinets medicaux (medecin);
1170;OPCO 2i;Convention collective nationale de l'industrie des tuiles et briques (CCNTB);
1182;OPCO Mobilite;Convention collective nationale des personnels des ports de plaisance;
1194;AFDAS;Convention collective nationale des employes de l'edition de musique;
1256;OPCO 2i;Convention collective nationale des cadres, ingenieurs et assimiles des entreprises de gestion d'equipements thermiques et de climatisation;
1261;OPCO Cohesion sociale;Convention collective nationale des acteurs du lien social et familial : centres sociaux et socioculturels, associations d'accueil de jeunes enfants, associations de developpement social local (SNAECSO);
1266;OPCO entreprises et salaries des services e forte intensite de main-d'euvre;Convention collective nationale du personnel des entreprises de restauration de collectivites;
1267;OPCO entreprises de proximite;Convention collective nationale de la petisserie;
1278;OPCO Cohesion sociale;Convention collective nationale des personnels PACT et ARIM (centres pour la protection l'amelioration et la conservation de l'habitat et associations pour la restauration immobiliere);
1281;AFDAS;Convention collective des employes de la presse hebdomadaire regionale;
1285;AFDAS;Convention collective nationale pour les entreprises artistiques et culturelles (SYNDEAC);
1286;OPCO entreprises de proximite;Convention collective nationale des detaillants, detaillants-fabricants et artisans de la confiserie, chocolaterie, biscuiterie;
1307;AFDAS;Convention collective nationale de l'exploitation cinematographique;
1311;OPCO entreprises et salaries des services e forte intensite de main-d'euvre;Convention collective nationale de la restauration ferroviaire;
1314;OPCO Commerce;"Convention collective nationale des maisons d'alimentation e succursales, supermarches, hypermarches, ""gerants mandataires"" (grande distribution)";
1316;OPCO Cohesion sociale;Convention collective nationale des organismes de tourisme social et familial;
1351;OPCO entreprises et salaries des services e forte intensite de main-d'euvre;Convention collective nationale des entreprises de prevention et de securite;
1383;OPCO entreprises et salaries des services e forte intensite de main-d'euvre;Convention collective nationale des commerces de quincaillerie, fournitures industrielles, fers, metaux et equipement de la maison, employes et personnels de maetrise;
1388;OPCO 2i;Convention collective nationale de l'industrie du petrole;
1391;OPCO entreprises et salaries des services e forte intensite de main-d'euvre;Convention collective regionale concernant le personnel de l'industrie, de la manutention et du nettoyage sur les aeroports ouverts e la circulation publique de la region parisienne;
1396;OCAPIAT;Convention collective nationale pour les industries de produits alimentaires elabores;
1404;OPCO entreprises de proximite;Convention collective nationale des entreprises de commerce, de location et de reparation de tracteurs, machines et materiels agricoles, de materiels de travaux publics, de betiment et de manutention, de materiels de motoculture de plaisance, de jardins et d'espaces verts (SEDIMA);
1405;OCAPIAT;Convention collective nationale des entreprises d'expedition et d'exportation de fruits et legumes;
1408;OPCO entreprises de proximite;Convention collective nationale des entreprises du negoce et de distribution de combustibles solides, liquides, gazeux et produits petroliers;
1411;OPCO 2i;Convention collective nationale de la fabrication de l'ameublement;
1412;OPCO entreprises de proximite;Convention collective nationale des entreprises d'installation sans fabrication, y compris entretien, reparation, depannage de materiel aeraulique, thermique, frigorifique et connexes;
1413;OPCO entreprises et salaries des services e forte intensite de main-d'euvre;Accord national professionnel relatif aux salaries permanents des entreprises de travail temporaire;
1420;OPCO Cohesion sociale;Convention collective nationale du travail du personnel des organismes crees pour l'application de la convention du 31 decembre 1958 UNEDIC ASSEDIC;Arrete du 9 mai 2019 (JO du 1er juin 2019)
1423;OPCO 2i;Convention collective nationale des entreprises relevant de la navigation de plaisance;
1424;OPCO Mobilite;Convention collective nationale des reseaux de transports publics urbains de voyageurs;
1431;OPCO Commerce;Convention collective nationale de l'optique-lunetterie de detail;
1468;OPCO ATLAS;Convention collective de branche du Credit mutuel;
1480;AFDAS;Convention collective nationale de travail des journalistes;
1483;OPCO entreprises de proximite;Convention collective nationale du commerce de detail de l'habillement et des articles textiles;
1486;OPCO ATLAS;Convention collective nationale applicable au personnel des bureaux d'etudes techniques, des cabinets d'ingenieurs-conseils et des societes de conseils (BET, SYNTEC);
1487;OPCO Commerce;Convention collective nationale du commerce de detail de l'horlogerie-bijouterie;
1492;OPCO 2i;Convention collective nationale des ouvriers, employes, dessinateurs, techniciens et agents de maetrise de la production des papiers, cartons et celluloses;
1495;OPCO 2i;Convention collective nationale pour les ouvriers, employes, dessinateurs, techniciens et agents de maetrise de la transformation des papiers, cartons et celluloses;
1499;OPCO entreprises de proximite;Convention collective nationale de la miroiterie, de la transformation et du negoce du verre;
1501;OPCO entreprises et salaries des services e forte intensite de main-d'euvre;Convention collective nationale de la restauration rapide (restauration livree);
1504;OPCO entreprises de proximite;Convention collective nationale de la poissonnerie (commerce de detail, de demi-gros et de gros de la poissonnerie);
1505;OPCO Commerce;Convention collective nationale du commerce de detail de fruits et legumes, epicerie et produits laitiers;
1512;OPCO entreprises de proximite;Convention collective nationale de la promotion immobiliere;
1513;OCAPIAT;Convention collective nationale des activites de production des eaux embouteillees, des boissons rafraechissantes sans alcool et de biere;
1516;OPCO entreprises et salaries des services e forte intensite de main-d'euvre;Convention collective nationale des organismes de formation;
1517;OPCO Commerce;Convention collective nationale des commerces de detail non alimentaires : antiquites, brocante, galeries d'art, arts de la table, coutellerie, droguerie, equipement du foyer, bazars, commerces menagers, modelisme, jeux, jouets, perinatalite et maroquinerie (euvres d'art);
1518;OPCO Cohesion sociale;Convention collective nationale de l'animation;
1527;OPCO entreprises de proximite;Convention collective nationale de l'immobilier;
1534;OCAPIAT;Convention collective nationale des entreprises de l'industrie et des commerces en gros des viandes;
1536;OPCO Mobilite;Convention collective nationale des distributeurs conseils hors domicile (entrepositaires-grossistes, bieres, eaux minerales et de table, boissons gazeuses, non gazeuses, sirops, jus de fruits, CHD);
1539;OPCO Commerce;Convention collective nationale des commerces de detail de papeterie, fournitures de bureau, de bureautique et informatique [et de librairie];
1555;OPCO 2i;Convention collective nationale de la fabrication et du commerce des produits e usage pharmaceutique, parapharmaceutique et veterinaire;
1557;OPCO Commerce;Convention collective nationale du commerce des articles de sports et d'equipements de loisirs;
1558;OPCO 2i;Convention collective nationale relative aux conditions de travail du personnel des industries ceramiques de France;
1563;AFDAS;Convention collective des cadres de la presse hebdomadaire regionale d'information;
1580;OPCO 2i;Convention collective nationale de l'industrie de la chaussure et des articles chaussants;
1586;OCAPIAT;Convention collective nationale de l'industrie de la salaison, charcuterie en gros et conserves de viandes;
1588;OPCO Cohesion sociale;Convention collective du personnel des societes cooperatives d'HLM;
1589;OPCO entreprises de proximite;Convention collective nationale des mareyeurs-expediteurs;
1596;OPCO Construction;Convention collective nationale concernant les ouvriers employes par les entreprises du betiment visees par le decret du 1er mars 1962;
1597;OPCO Construction;Convention collective nationale concernant les ouvriers employes par les entreprises du betiment non visees par le decret 1er mars 1962;
1605;OPCO entreprises de proximite;Convention collective nationale des entreprises de desinfection, desinsectisation, deratisation;
1606;OPCO Commerce;Convention collective nationale du bricolage, vente au detail en libre-service;
1607;OPCO 2i;Convention collective nationale des industries des jeux, jouets, articles de fetes et ornements de Noel, articles de puericulture et voitures d'enfants modelisme et industries connexes;
1611;OPCO entreprises de proximite;Convention collective nationale des entreprises de logistique de communication ecrite directe;
1618;AFDAS;Convention collective du camping ;Arrete du 9 mai 2019 (JO du 1er juin 2019)
1619;OPCO entreprises de proximite;Convention collective nationale des cabinets dentaires;
1621;OPCO entreprises de proximite;Convention collective nationale de la repartition pharmaceutique;
1631;AFDAS;Convention collective nationale de l'hetellerie de plein air;
1659;OCAPIAT;Convention collective nationale du rouissage teillage du lin;
1671;OPCO entreprises et salaries des services e forte intensite de main-d'euvre;Convention collective nationale des maisons d'etudiants;
1672;OPCO ATLAS;Convention collective nationale des societes d'assurances;
1679;OPCO ATLAS;Convention collective nationale de l'inspection d'assurance;
1686;OPCO Commerce;Convention collective nationale des commerces et services de l'audiovisuel, de l'electronique et de l'equipement menager;
1702;OPCO Construction;Convention collective nationale des ouvriers de travaux publics;
1710;OPCO Mobilite;Convention collective nationale du personnel des agences de voyages et de tourisme;
1734;AFDAS;Convention collective des artistes-interpretes engages pour des emissions de television;
1747;OCAPIAT;Convention collective des activites industrielles de boulangerie et de petisserie;
1760;OPCO Commerce;Convention collective nationale des jardineries et graineteries;
1790;AFDAS;Convention collective nationale des espaces de loisirs, d'attractions et culturels;
1794;OPCO Cohesion sociale;Convention collective nationale du personnel des institutions de retraites complementaires;
1801;OPCO ATLAS;Convention collective nationale des societes d'assistance;
1821;OPCO 2i;Convention collective nationale des professions regroupees du cristal, du verre et du vitrail;
1850;OPCO entreprises de proximite;Convention collective de l'avocat salarie;
1874;AFDAS;Convention collective nationale des cadres, techniciens et agents de maetrise de la presse d'information specialisee du 1er juillet 1995;
1875;OPCO entreprises de proximite;Convention collective nationale des cabinets et cliniques veterinaires : personnel salarie;
1880;OPCO Commerce;Convention collective nationale du negoce de l'ameublement;
1895;AFDAS;Convention collective de l'encadrement de la presse quotidienne regionale;
1909;AFDAS;Convention collective nationale des organismes de tourisme;
1921;OPCO entreprises de proximite;Convention collective nationale des huissiers de justice;
1922;AFDAS;Convention collective nationale de la radiodiffusion;
1930;OCAPIAT;Convention collective nationale des metiers de la transformation des grains (ex meunerie);
1938;OCAPIAT;Convention collective nationale des industries de la transformation des volailles (abattoirs, ateliers de decoupe et centres de conditionnement de volailles, commerce de gros de volailles);
1944;OPCO entreprises et salaries des services e forte intensite de main-d'euvre;Convention collective nationale du personnel navigant technique des exploitants d'helicopteres;
1947;OPCO Construction;Convention collective nationale du negoce de bois d'euvre et produits derives;
1951;OPCO entreprises de proximite;Convention collective nationale des cabinets ou entreprises d'expertises en automobile;
1974;OPCO Mobilite;Convention collective nationale du personnel des entreprises de transport de passagers en navigation interieure;
1978;OPCO entreprises de proximite;Convention collective nationale des fleuristes, de la vente et des services des animaux familiers;
1979;OPCO entreprises et salaries des services e forte intensite de main-d'euvre;Convention collective nationale des hetels, cafes, restaurants (HCR);
1982;OPCO entreprises de proximite;Convention collective nationale du negoce et prestations de services dans les domaines medico-techniques;
1987;OCAPIAT;Convention collective nationale des petes alimentaires seches et du couscous non prepare;
1996;OPCO entreprises de proximite;Convention collective nationale de la pharmacie d'officine;
2002;OPCO entreprises et salaries des services e forte intensite de main-d'euvre;Convention collective interregionale de la blanchisserie, laverie, location de linge, nettoyage e sec, pressing et teinturerie;
2021;AFDAS;Convention collective nationale du golf;
2046;OPCO Sante;Convention collective nationale du personnel non medical des centres de lutte contre le cancer;
2060;OPCO entreprises et salaries des services e forte intensite de main-d'euvre;Convention collective nationale des chaenes de cafeterias et assimiles;
2075;OCAPIAT;Convention collective nationale des centres immatricules de conditionnement, de commercialisation et de transformation des eufs et des industries en produits d'eufs;
2089;OPCO 2i;Convention collective nationale de l'industrie des panneaux e base de bois;
2098;OPCO entreprises de proximite;Convention collective nationale du personnel des prestataires de services dans le domaine du secteur tertiaire;
2101;OPCO entreprises et salaries des services e forte intensite de main-d'euvre;Convention collective nationale de l'enseignement prive e distance;
2104;OPCO Sante;Convention collective nationale du thermalisme ;Arrete du 9 mai 2019 (JO du 1er juin 2019)
2111;OPCO entreprises de proximite;Convention collective nationale des salaries du particulier employeur;
2120;OPCO ATLAS;Convention collective de la banque;
2121;AFDAS;Convention collective nationale de l'edition;
2128;OPCO Cohesion sociale;Convention collective nationale de la mutualite;
2147;OPCO entreprises et salaries des services e forte intensite de main-d'euvre;Convention collective des entreprises des services d'eau et d'assainissement (entreprises en gerance, en concession ou en affermage assurent l'exploitation, le service, le pompage, le traitement et la distribution d'eau e usage public, particulier, domestique, agricole);
2148;AFDAS;Convention collective nationale des telecommunications;
2149;OPCO entreprises et salaries des services e forte intensite de main-d'euvre;Convention collective nationale des activites du dechet;
2150;OPCO Cohesion sociale;Convention collective nationale des personnels des societes anonymes et fondations d'HLM;
2156;OPCO Commerce;Convention collective nationale des grands magasins et des magasins populaires;
2174;OPCO Mobilite;Convention collective nationale du personnel sedentaire des entreprises de transports de marchandises de la navigation interieure;
2190;OPCO Cohesion sociale;Convention collective nationale des missions locales et PAIO des maisons de l'emploi et PLIE;
2198;OPCO Commerce;Convention collective nationale des entreprises de vente e distance;
2205;OPCO entreprises de proximite;Convention collective du notariat;
2216;OPCO Commerce;Convention collective nationale du commerce de detail et de gros e predominance alimentaire (entrepets d'alimentation, superettes, supermarches, hypermarches, grande distribution);
2219;OPCO entreprises de proximite;Convention collective des taxis - 4932Z;
2230;OPCO ATLAS;Convention collective des associations agreees de surveillance de la qualite de l'air ;Arrete du 9 mai 2019 (JO du 1er juin 2019)
2247;OPCO ATLAS;Convention collective des entreprises de courtage d'assurances et/ou de reassurances;
2257;AFDAS;Convention collective nationale des casinos;
2264;OPCO Sante;Convention collective de l'hospitalisation privee (CCU, FHP, etablissements pour personnes egees, maison de retraite, etablissements de suite et readaptation, medicaux pour enfants et adolescents, UHP, sanitaires sociaux et medico-sociaux CRRR, hospitalisation prive e but lucratif FIEHP);
2272;OPCO entreprises de proximite;Convention collective nationale de l'assainissement et de la maintenance industrielle;
2329;OPCO entreprises de proximite;Accord professionnel national de travail entre les avocats au Conseil d'Etat et e la Cour de Cassation et leur personnel salarie -non avocat-;
2332;OPCO entreprises de proximite;Convention nationale des entreprises d'architecture;
2335;OPCO ATLAS;Convention collective nationale du personnel des agences generales d'assurances;
2336;OPCO Cohesion sociale;Convention collective nationale des organismes gestionnaires de foyers et services pour jeunes travailleurs;
2357;OPCO ATLAS;Accord du 3 mars 1993 relatif aux cadres de direction des societes d'assurances;
2372;AFDAS;Convention collective nationale des entreprises de la distribution directe;
2378;OPCO entreprises et salaries des services e forte intensite de main-d'euvre;Accords nationaux professionnels concernant le personnel interimaire des entreprises de travail temporaire;
2395;OPCO entreprises de proximite;Convention collective nationale de travail des assistants maternels du particulier employeur;
2397;AFDAS;Convention collective des mannequins adultes et des mannequins enfants de moins de seize ans employes par les agences de mannequins;
2408;OPCO entreprises et salaries des services e forte intensite de main-d'euvre;Convention collective nationale des personnels des services administratifs et economiques, personnels d'education et documentalistes des etablissement d'enseignement prives;
2411;AFDAS;Convention collective nationale des chaenes thematiques;
2412;AFDAS;Convention collective de la production de films d'animation;
2420;OPCO Construction;Convention collective nationale des cadres du betiment du 1er juin 2004;
2494;OCAPIAT;Convention collective nationale de la cooperation maritime;
2511;AFDAS;Convention collective nationale du sport;
2526;OPCO Cohesion sociale;Convention collective nationale des organisations professionnelles de l'habitat social;
2528;OPCO 2i;Convention collective nationale de travail des industries de la maroquinerie, articles de voyage, chasse sellerie, gainerie, bracelets en cuir;
2543;OPCO ATLAS;Convention collective nationale des cabinets ou entreprises de geometres experts, geometres topographes photogrammetres, experts-fonciers;
2564;OPCO entreprises de proximite;Convention collective nationale des veterinaires praticiens salaries;
2583;OPCO entreprises et salaries des services e forte intensite de main-d'euvre;Convention collective nationale de branche des societes concessionnaires ou exploitantes d'autoroutes ou d'ouvrages routiers;
2596;OPCO entreprises de proximite;Convention collective nationale de la coiffure et des professions connexes;
2603;OPCO Cohesion sociale;Convention collective nationale de travail des praticiens conseils du regime general de securite sociale;
2609;OPCO Construction;Convention collective nationale des employes, techniciens et agents de maetrise du betiment;
2614;OPCO Construction;Convention collective nationale des employes, techniciens et agents de maetrise des travaux publics;
2622;OPCO ATLAS;Convention collective du credit maritime mutuel;
2642;AFDAS;Convention collective de la production audiovisuelle;
2666;OPCO Cohesion sociale;Convention collective nationale des conseils d'architecture, d'urbanisme et de l'environnement;
2668;OPCO Cohesion sociale;Convention collective nationale de travail des cadres superieurs des societes de secours minieres et de leurs etablissements, des unions regionales et des assistants sociaux regionaux;
2683;AFDAS;Convention collective nationale du portage de presse;
2691;OPCO entreprises et salaries des services e forte intensite de main-d'euvre;Convention collective nationale de l'enseignement prive independant (hors contrat);
2697;OPCO entreprises de proximite;Convention collective nationale des personnels des structures associatives cynegetiques;
2706;OPCO entreprises de proximite;Convention collective nationale du personnel des administrateurs et des mandataires judiciaires;
2717;AFDAS;Convention collective nationale des entreprises techniques au service de la creation et de l'evenement;
2727;OPCO Cohesion sociale;Convention collective nationale des omnipraticiens exereant dans les centres de sante miniers;
2728;OCAPIAT;Convention collective nationale des sucreries, sucreries-distilleries et raffineries de sucre;
2768;OPCO Cohesion sociale;Convention collective national de travail des pharmaciens du regime minier;
2770;AFDAS;Convention collective nationale de l'edition phonographique;
2785;OPCO entreprises de proximite;Convention collective nationale des societes de ventes volontaires de meubles aux encheres publiques et des offices de commissaires-priseurs judiciaires;
2793;OPCO Cohesion sociale;Convention collective de travail du 25 juin 1968 des agents de direction et des agents-comptables des organismes de securite sociale et d'allocations familiales;
2796;OPCO Cohesion sociale;Convention collective du personnel de direction du regime social des independants, ses annexes et son accord d'application;
2797;OPCO Cohesion sociale;Convention collective nationale speciale de travail des praticiens conseils du regime social des independants et son annexe 1 relative e l'ARTT;
2798;OPCO Cohesion sociale;Convention collective des employes et cadres du regime social des independants, ses annexes 1 e 6 et son accord d'application;
2847;OPCO Cohesion sociale;Convention collective nationale de Pele Emploi;
2931;OPCO ATLAS;Convention collective nationale des activites de marches financiers;
2941;OPCO Cohesion sociale;Convention collective de la branche de l'aide, de l'accompagnement, des soins et des services e domicile;
2972;OPCO Mobilite;Convention collective du personnel sedentaire des entreprises de navigation;
2978;OPCO entreprises de proximite;Convention collective nationale du personnel salarie des agences de recherches privees;
3013;OPCO entreprises de proximite;Convention collective nationale de la librairie;
3016;OPCO Cohesion sociale;Convention collective des ateliers chantiers d'insertion;
3017;OPCO Mobilite;Convention collective nationale unifiee ports et manutention;
3032;OPCO entreprises de proximite;Convention collective nationale de l'esthetique - cosmetique et de l'enseignement technique et professionnel lies aux metiers de l'esthetique et de la parfumerie;
3043;OPCO entreprises et salaries des services e forte intensite de main-d'euvre;Convention collective nationale des entreprises de proprete et services associes du 26 juillet 2011;
3090;AFDAS;Convention collective nationale des entreprises du secteur prive du spectacle vivant;
3097;AFDAS;Convention collective nationale de la production cinematographique;
3105;OPCO Cohesion sociale;Convention collective nationale des regies de quartier;
3109;OCAPIAT;Convention collective nationale des 5 branches industries alimentaires diverses;
3127;OPCO entreprises de proximite;Convention collective nationale des entreprises de services e la personne du 20 septembre 2012;
3168;OPCO Commerce;Convention collective Nationale des professions de la photographie;
3203;OCAPIAT;Convention collective des structures associatives de peche de loisir et de protection du milieu aquatique;
3205;OPCO Commerce;Convention collective nationale du personnel des cooperatives de consommation;
3210;OPCO ATLAS;Convention collective de la banque populaire;
3212;OPCO Construction;Convention collective nationale des cadres des travaux publics;
3213;OPCO ATLAS;Convention collective nationale des collaborateurs salaries des entreprises d'economistes de la construction et des metreurs-verificateurs;
3216;OPCO Construction;Convention collective nationale des salaries du negoce des materiaux de construction;
3217;OPCO Mobilite;Convention collective nationale ferroviaire;
3218;OPCO entreprises et salaries des services e forte intensite de main-d'euvre;Convention collective nationale de l'enseignement prive non lucratif (EPNL);
3219;OPCO entreprises et salaries des services e forte intensite de main-d'euvre;Convention collective nationale de branche des salaries en portage salarial;
3220;OPCO Cohesion sociale;Convention collective nationale des offices publics de l'habitat;
3221;AFDAS;Convention collective nationale des agences de presse;
3223;OPCO Mobilite;Convention collective nationale des officiers des entreprises de transport et services maritimes;
3224;OPCO 2i;"Convention collective nationale de la distribution des papiers-cartons ; commerce de gros";
3225;AFDAS;Convention collective nationale des employes et des cadres des editeurs de la presse magazine;
3227;OPCO 2i;Convention collective nationale des industries de la fabrication de la chaux;Arrete du 9 mai 2019 (JO du 1er juin 2019) : 3151 remplace par 3227 
3228;OPCO Mobilite;Convention collective nationale du groupement des armateurs de service de passages d'eau - personnel navigant;
3230;AFDAS;Convention collective nationale des employes de la presse d'information specialisee;
5001;OPCO 2i;Statut des industries electriques et gazieres;
5005;OPCO ATLAS;Branche des caisses d'epargne ;Arrete du 9 mai 2019 (JO du 1er juin 2019)
5521;OPCO Mobilite;Convention collective nationale du personnel navigant d'execution du transport maritime;
5554;OPCO Mobilite;Convention collective nationale des officiers du remorquage maritime;
5555;OPCO Mobilite;Convention collective nationale des navigants d'execution du remorquage maritime;
5556;OPCO Mobilite;Convention collective nationale des personnels officiers des passages d'eau;
5557;OPCO Mobilite;Convention collective nationale des personnels navigants d'execution des passages d'eau;
5619;OCAPIAT;Convention collective nationale de la peche professionnelle maritime;
7001;OCAPIAT;Convention collective nationale des cooperatives et SICA de production, transformation et vente du betail et des viandes;
7002;OCAPIAT;Convention collective nationale des cooperatives et SICA de cereales, de meunerie, d'approvisionnement et d'alimentation du betail et d'oleagineux;
7003;OCAPIAT;Convention collective nationale des cooperatives agricoles, union de cooperatives agricoles et SICA fabriquant des conserves de fruits et de legumes, des plats cuisines et des specialites;
7004;OCAPIAT;Convention collective nationale des cooperatives laitieres, unions de cooperatives laitieres et SICA laitieres;
7005;OCAPIAT;Convention collective nationale des caves cooperatives et de leurs unions elargie aux SICA vinicoles;
7006;OCAPIAT;Convention collective nationale des cooperatives, unions de cooperatives agricoles et SICA de fleurs, de fruits et legumes et de pommes de terre;
7007;OCAPIAT;Convention collective nationale des cooperatives, unions de cooperatives agricoles et SICA de teillage de lin;
7008;OCAPIAT;Convention collective nationale du personnel des organismes de contrele laitier;
7009;OCAPIAT;Convention collective nationale des entreprises d'accouvage et de selection de produits avicoles;
7010;OCAPIAT;Convention collective nationale du personnel des elevages aquacoles;
7012;OCAPIAT;Convention collective nationale des centres equestres;
7013;OCAPIAT;Convention collective nationale des etablissements d'entraenement des chevaux de courses au trot;
7014;OCAPIAT;Convention collective nationale des etablissements d'entraenement des chevaux de courses au galop;
7017;OCAPIAT;Convention collective nationale des parcs et jardins zoologiques ouverts au public;
7018;OCAPIAT;Convention collective nationale des entreprises du paysage;
7019;OCAPIAT;Convention collective nationale de la conchyliculture;
7020;OCAPIAT;Convention collective nationale du reseau des centres d'economie rurale;
7021;OCAPIAT;Convention collective nationale des entreprises relevant de la selection et de la reproduction animale;
7023;OCAPIAT;Entreprises agricoles de deshydratation;
7501;OCAPIAT;Convention collective nationale des caisses regionales du credit agricole;
7502;OCAPIAT;Convention collective nationale de la Mutualite sociale agricole;
7503;OCAPIAT;Convention collective nationale des distilleries cooperatives viticoles et SICA de distillation;
7508;OCAPIAT;Convention collective nationale des Maisons familiales rurales, instituts ruraux et centres;
7509;OPCO entreprises et salaries des services e forte intensite de main-d'euvre;Convention collective nationale des organismes de formation et de promotion agricoles;
7513;OCAPIAT;Convention collective nationale des centres d'initiatives pour valoriser l'agriculture et le milieu rural;
7514;OCAPIAT;Convention collective nationale des organismes de la Confederation paysanne;
7515;OCAPIAT;Convention collective nationale des societes d'amenagement foncier et d'etablissement rural (SAFER);
7520;OPCO entreprises et salaries des services e forte intensite de main-d'euvre;Convention collective nationale de l'enseignement agricole prive (CNEAP);
8115;OCAPIAT;Convention collective regionale des hippodromes ele-de-France Cabourg Caen Chantilly Deauville;
8435;OCAPIAT;Convention collective regionale des cooperatives fruitieres Ain Doubs Jura;
N.A.;OPCO 2i;Accord national du 16 janvier 1979 sur le champ d'application des accords nationaux de la metallurgie;
na;OPCO entreprises et salaries des services e forte intensite de main-d'euvre;Secteur des exploitations forestieres et scieries;
na;OPCO entreprises et salaries des services e forte intensite de main-d'euvre;Secteur des proprietes forestieres;
;;;
;;;
